nome,ingredienti,steps
Cous Cous con ceci e verdure,"- cous cous q=250 u=g
- acqua q=250 u=g
- peperone rosso q=1
- peperone giallo q=1
- cipollotto q=1
- carota q=1
- zucchine q=2
- ceci in scatola q=200 u=g
- olive verdi in salamoia q=50 u=g
- olio extravergine d'oliva q=4 u=cucchiai
- miele q=0.5 u=cucchiaio
- sale q.b.
- pepe nero q.b.
- menta","- Lava e pulisci le verdure, poi tagliale a cubetti delle stesse dimensioni.
- Cuoci i peperoni in padella con olio a fuoco vivace; dopo circa 5 minuti aggiungi miele e sale e lasciali caramellare.
- Nella stessa padella cuoci cipollotto e carota per 5 minuti, poi aggiungi le zucchine e prosegui per altri 5 minuti; regola di sale e pepe.
- Porta a bollore l’acqua salata, spegni il fuoco, aggiungi due cucchiai di olio e il cous cous, sgrana, copri e lascia riposare 5 minuti.
- Sgrana il cous cous in una ciotola e unisci verdure, olive affettate, ceci scolati e menta tritata; regola di sale e pepe.
- Copri e lascia riposare in frigorifero per circa 2 ore prima di servire."
Cous cous al curry con ceci e verdure,"- cous cous q=160 u=g
- ceci già cotti q=120 u=g
- peperone rosso q=0.5
- peperone giallo q=0.5
- melanzana piccola q=1
- zucchine medie q=2
- cipolla facoltativa q=0.5
- concentrato di pomodoro q=1 u=cucchiaio
- curry q=1 u=cucchiaino
- olio extravergine di oliva
- sale
- lime","- Lava le verdure, taglia peperoni, melanzana e zucchine a cubetti e affetta la cipolla.
- Fai appassire la cipolla in padella con olio, poi aggiungi le verdure e cuocile finché risultano dorate e tenere.
- Unisci i ceci, il concentrato di pomodoro e il curry e lascia insaporire per qualche minuto.
- Spegni il fuoco, regola di sale e versa il cous cous nella padella.
- Copri con acqua bollente fino a superare il cous cous di 2-3 mm, metti il coperchio e lascia riposare 5 minuti.
- Sgrana, mescola e servi; aggiungi succo di lime a piacere."
Spaghetti Cremosi Tofu & Pomodorini,"- spaghetti o altra pasta q=250 u=g
- pomodorini q=400 u=g
- tofu q=125 u=g
- latte di soia al naturale q.b.
- aglio q=1 u=spicchio
- lievito alimentare facoltativo q=2 u=cucchiai
- basilico
- sale q.b.
- pepe q.b.
- olio extravergine di oliva q.b.","- Lava i pomodorini e tagliali in quarti.
- Scalda olio e aglio in padella, aggiungi i pomodorini, sale e pepe e cuoci per 10-15 minuti; unisci il basilico e frulla circa tre quarti del sugo.
- Frulla il tofu con poco latte di soia fino a ottenere una crema liscia.
- Unisci la crema di tofu al sugo e aggiungi il lievito alimentare e altro basilico.
- Cuoci la pasta al dente, scolala nella padella e manteca con poca acqua di cottura.
- Servi con basilico fresco e pepe."
Riso con pollo e zucchine,"- riso Venere q=280 u=g
- zucchine q=600 u=g
- petto di pollo q=700 u=g
- succo di lime q=1
- cipolla bianca q=1
- olio extravergine d'oliva q.b.
- curcuma q=1 u=cucchiaio
- curry q=1 u=cucchiaio
- origano fresco q.b.
- basilico fresco q.b.
- sale q.b.","- Lessa il riso secondo le istruzioni della confezione. Taglia il pollo a cubetti e mescola succo di lime, curcuma e un pizzico di sale.
- Aggiungi il pollo alla marinatura, copri e lascia riposare circa 10 minuti. Taglia le zucchine a dadini e trita la cipolla.
- Scalda un filo d’olio in casseruola e fai appassire la cipolla a fiamma medio-bassa.
- Unisci le zucchine, il curry e l’origano e cuoci a fuoco vivace per 6-7 minuti.
- In un’altra padella rosola il pollo con la marinatura per 10 minuti a fuoco vivace.
- Scola il riso e trasferiscilo nella padella con le zucchine.
- Aggiungi il pollo, salta tutto per 2-3 minuti e completa con basilico fresco."
Zucchine ripiene di tonno,"- zucchine medie q=8
- uovo q=1
- tonno sgocciolato q=200 u=g
- pangrattato q=40 u=g
- parmigiano grattugiato q=30 u=g
- olio extravergine di oliva q=3 u=cucchiai
- aglio q=1 u=spicchio
- erba cipollina q.b.
- prezzemolo q.b.
- sale q=1 u=pizzico
- pepe q.b.","- Lava e spunta le zucchine, lessale in acqua salata per circa 10 minuti, scolale, tagliale a metà per il lungo e svuotale lasciando un bordo sottile.
- Metti i gusci capovolti a scolare. Elimina metà della polpa e trita grossolanamente quella restante.
- Dora l’aglio in due cucchiai di olio, aggiungi la polpa, sala, pepa e cuoci a fuoco vivo per circa 5 minuti; lascia raffreddare.
- Mescola tonno, prezzemolo, erba cipollina e uovo sbattuto, poi incorpora parmigiano, pangrattato e polpa di zucchine.
- Farcisci le mezze zucchine e disponile in una pirofila unta; completa con un filo d’olio.
- Cuoci in forno statico a 180 °C per 25-30 minuti, fino a doratura, e lascia intiepidire prima di servire."
Burger di ceci e zucchine,"- ceci secchi q=200 u=g
- acqua per ammollo e cottura q.b.
- sale q.b.
- zucchine q=500 u=g
- olio extravergine d'oliva q.b.
- acqua di cottura dei ceci q=50 u=g
- uovo q=1
- erba cipollina q.b.
- foglie di menta q=4
- Grana Padano q=30 u=g
- pepe q.b.
- pane grattugiato q=50 u=g
- yogurt greco per la salsa q=200 u=g
- erba cipollina per la salsa q.b.
- foglie di menta per la salsa q=2
- succo di limone q.b.","- Metti i ceci in ammollo in abbondante acqua per tutta la notte.
- Scolali, coprili con acqua fresca, sala e lessali per circa 40 minuti, finché sono teneri.
- Taglia le zucchine a pezzetti e cuocile in padella con olio e sale per circa 15 minuti.
- Frulla i ceci con 50 g della loro acqua di cottura e l’uovo fino a ottenere un composto liscio.
- Trita erba cipollina e menta e uniscile al composto con le zucchine.
- Aggiungi Grana, sale, pepe e pane grattugiato e amalgama fino a ottenere un impasto compatto.
- Forma i burger e cuocili in padella con poco olio per circa 5 minuti per lato.
- Prepara la salsa mescolando yogurt, erbe tritate, sale, pepe, limone e un filo d’olio, poi servila con i burger."
"Insalata di quinoa, verdure colorate e ceci","- quinoa q=60 u=g
- zucchina piccola q=1
- fagiolini fini tagliati q=50 u=g
- carotine cotte q=50 u=g
- pomodorini (5-6)
- ceci al vapore q=50 u=g
- foglie di menta fresca q=4
- succo di limone q=0.25
- olio extravergine di oliva q=1 u=cucchiaio
- sale e pepe q.b.","- Risciacqua la quinoa e lessala in acqua salata per 10-15 minuti seguendo la confezione; scolala e lasciala raffreddare.
- Risciacqua e asciuga i ceci. Taglia la zucchina a cubetti e saltala in padella; taglia carotine, fagiolini e pomodorini.
- Trita la menta e mescolala con succo di limone, olio, sale e pepe.
- Unisci quinoa, ceci e verdure, condisci e lascia riposare in frigorifero per 10 minuti."
"Wrap integrale con pollo, avocado e mais","- tortilla o piadina integrale q=1
- pollo q=100 u=g
- avocado q=0.5
- spinaci q=30 u=g
- mais in scatola q=2 u=cucchiai
- yogurt greco q=2 u=cucchiai
- succo di limone q=0.25
- olio di oliva q=1 u=cucchiaio
- erba cipollina tritata q=1 u=cucchiaino
- paprika q.b.
- sale e pepe q.b.","- Taglia il pollo a striscioline e marinalo per 15-20 minuti con olio, limone, sale, pepe e paprika.
- Cuoci il pollo in padella a fuoco medio-alto per 3-4 minuti per lato, poi lascialo raffreddare.
- Mescola yogurt, limone, erba cipollina, sale e pepe fino a ottenere una salsa liscia.
- Spalma la salsa sulla tortilla, distribuisci spinaci, pollo, avocado e mais, ripiega i lati e arrotola.
- Taglia il wrap a metà e avvolgilo per il trasporto."
Mini-quiche alle verdure e formaggio,"- base di pasta sfoglia o brisée da 15 cm q=1
- taccole tagliate q=80 u=g
- pomodorini (5-6)
- bocconcini di mozzarella q=50 u=g
- uovo q=1
- panna fresca q=50 u=ml
- parmigiano grattugiato q=1 u=cucchiaio
- sale e pepe q.b.
- noce moscata facoltativa q=1 u=pizzico
- olio d'oliva q=1 u=cucchiaino","- Preriscalda il forno a 180 °C, ungi una teglia da circa 15 cm, adagia la pasta e bucherella il fondo.
- Sbatti uovo, panna, parmigiano, sale, pepe e noce moscata; aggiungi taccole cotte, pomodorini a metà e mozzarella a pezzetti.
- Versa il ripieno nella base e cuoci per 20-25 minuti, fino a doratura e completa cottura interna.
- Lascia raffreddare e conserva in frigorifero; servi fredda o riscaldata."
Frittata di verdure al forno,"- uova q=2
- zucchina piccola q=1
- carota piccola q=1
- spinaci q=30 u=g
- parmigiano grattugiato q=1 u=cucchiaio
- olio extravergine di oliva q=1 u=cucchiaio
- sale e pepe q.b.","- Grattugia zucchina e carota, trita gli spinaci e cuoci le verdure in padella senza olio per 5 minuti.
- Sbatti le uova con parmigiano, sale e pepe.
- Unisci le verdure, versa in una teglia unta e cuoci a 180 °C per 20-25 minuti, fino a doratura.
- Taglia a fette e servi, eventualmente con pane integrale o lattughino."
"Bowl di riso con salmone, edamame e sesamo","- riso integrale q=80 u=g
- salmone affumicato q=50 u=g
- edamame q=50 u=g
- cetriolo q=0.5
- semi di sesamo q=1 u=cucchiaino
- salsa di soia (1-2 cucchiai)","- Cuoci il riso integrale in acqua salata secondo la confezione, scolalo e lascialo raffreddare.
- Affetta finemente il cetriolo e taglia il salmone a strisce o pezzetti.
- Aggiungi al riso salmone, edamame e cetriolo e completa con i semi di sesamo tostati.
- Condisci con salsa di soia soltanto al momento di consumare e mescola delicatamente."
"Insalata con fagiolini, patate e tonno","- songino q=80 u=g
- fagiolini extra fini q=100 u=g
- tonno al naturale q=1 u=scatoletta
- patate q=150 u=g
- semi vari q=1 u=cucchiaio
- sale e pepe q.b.
- olio extravergine d'oliva q=1 u=cucchiaio","- Lava e sbuccia le patate, lessale partendo da acqua fredda per 20-25 minuti, scolale, lasciale intiepidire e tagliale a cubetti.
- Lessa i fagiolini in acqua salata per 5-7 minuti e raffreddali sotto acqua fredda se desideri fermare la cottura.
- Unisci songino, patate, fagiolini e tonno sgocciolato.
- Condisci con olio, sale, pepe e semi vari e mescola bene."
Polpette di lenticchie e ricotta,"- lenticchie al vapore q=200 u=g
- ricotta vaccina q=100 u=g
- uovo q=1
- parmigiano grattugiato q=2 u=cucchiai
- pangrattato più extra per impanare q=2 u=cucchiai
- foglie di basilico fresco q=1 u=manciata
- sale e pepe q.b.
- olio extravergine d'oliva","- Frulla lenticchie, ricotta, basilico tritato, un filo d’olio e sale; aggiungi pangrattato fino a ottenere un composto lavorabile.
- Forma piccole polpette, disponile su una teglia con carta forno e cuoci a 180 °C per 15-20 minuti, girandole a metà cottura.
- Lascia raffreddare e conserva in frigorifero in un contenitore ermetico."
Insalata di pollo con salsa saporita,"- petto di pollo q=600 u=g
- insalata mista q=250 u=g
- pomodori da insalata q=140 u=g
- carote q=2
- friggitelli q=80 u=g
- mais in scatola sgocciolato q=280 u=g
- olive nere q=10
- olio extravergine di oliva q=4 u=cucchiai
- maionese q=3 u=cucchiai
- senape q=1 u=cucchiaino
- succo di limone q=0.5
- sale q=1 u=pizzico
- pepe q.b.","- Cuoci il pollo alla piastra, lesso o al vapore, quindi sfilaccialo seguendo la trama della carne.
- Condisci il pollo con tre cucchiai di olio, limone, sale, pepe, maionese e senape e lascialo riposare in frigorifero per almeno un’ora.
- Lava e asciuga l’insalata. Affetta i pomodori, sgocciola il mais, taglia olive e friggitelli a rondelle e le carote a julienne.
- Mescola verdure e insalata con sale e il cucchiaio di olio rimasto, poi distribuisci sopra il pollo condito.
- Servi subito."
